epoch,learning_rate,lr-AdamW,step,temperature,train_loss_step
,,0.0001,49,,
0,9.999999747378752e-05,,49,0.07000000029802322,nan
,,0.0001,99,,
0,9.999999747378752e-05,,99,0.07000000029802322,nan
,,0.0001,149,,
0,9.999999747378752e-05,,149,0.07000000029802322,nan
,,0.0001,199,,
0,9.999999747378752e-05,,199,0.07000000029802322,nan
,,0.0001,249,,
0,9.999999747378752e-05,,249,0.07000000029802322,nan
