{"lr-AdamW": 0.0001, "trainer/global_step": 249, "_timestamp": 1720397702.7089567, "_runtime": 140.7329397201538, "_step": 9, "train_loss_step": NaN, "learning_rate": 9.999999747378752e-05, "temperature": 0.07000000029802322, "epoch": 0, "_wandb": {"runtime": 149}}